Python Developer Internship ( Remote ),InnovatexIQ Solutions,"Kozhikode, Kerala, India (Remote)",/jobs/view/4143645701/?eBP=CwEAAAGU8iqvUMJ8GDzQOfXHiOjow4dNJAdF3Gi2MU5oDbnF9gcSpoFOCnwZuDgjgI0vbRCJwd0vqnbTjGqeSu4s9xbzBYrmW0CtBSl8Fp3xqBmf7_EBblzMoY5nPprYC95Ba3HauOFr-XiIfZ_MKVllvsOenZ0P_GbCqTL_6mrHNQ1aKDCbZMZEAQ8tgQev4ZzWd257fThqFKB7wy-zsW6lUzhy2kIAqrnPI-KHfe1wpshzJtiVyuF8z-RkGuHfU10-GThBmYoxAZR6lxUyoeNGWPDmxAHfbArVtRpk0Oxe48qlI1k5AQhjfm2ulhLwkejOlGbcMsN3fiwBfT1UWKjxUb8wTJr2rRclWThD2elyTZdijeFgOKbFdat9FO0CEo71Yfpx49QvHdHofy9d0UR2UHlZMBXG5s_l4qz8HpL3Jv2JLrUaRQ7xfYEw3niNtFMVyqAnCFKbAxI-xvd-Y2qh2s6jrBRuO10JcX601LLzR_av8bHcyqxKkUYk7dJqillw51N9&refId=x7Z%2BKIbGRQvDTXIJF8eavw%3D%3D&trackingId=lI%2BrNhjVnvC4MwbMCFQNbg%3D%3D&trk=flagship3_search_srp_jobs,2025-02-11T04:51:21.019522
Python Developer Trainee - 05,InnovatexIQ Solutions,"Kanpur, Uttar Pradesh, India (Remote)",/jobs/view/4148608503/?eBP=BUDGET_EXHAUSTED_JOB&refId=x7Z%2BKIbGRQvDTXIJF8eavw%3D%3D&trackingId=wTHN%2BXvwthj4ZuxQ1Tkvbg%3D%3D&trk=flagship3_search_srp_jobs,2025-02-11T04:51:21.056346
Python Developer Internship - Remote 4,InnovatexIQ Solutions,"Kochi, Kerala, India (Remote)",/jobs/view/4143637300/?eBP=CwEAAAGU8iqvUEBCotB2SnJRYUVrtGm99ZxP_dATeMI6MI4ST4EJrQwoBomjTl2iROpyZjQ-y53QSV0qra15b4NdLGVhzA1eQgn_kfstePMLinSo7J7Qejzq4Z1mJzkYm8sWfrafMdQaPBCfN448qVX-dZbRNWt_pkyoR7cRHb5WED2L8MoSCkxB1rAUCAQnqvXTJ2A3TnOhzhCf5CaLCAe1LV93MWX4M3GvWJQRG8Uo58e5Al0P2XrhrYEHCN8XBOptdJjgFrHGVnhyTrf5yBo2VfoiOAVdhjwmOShccCQWRpER_EXJLZFJ7rcc75sGq5JcBig7LGYZcTYCAOFmS5yMmKFqC-4xJ7O7HnoEHzdlnVbQBKxBSEV4bVy-HhL82RvE8fy6rEVY9c0XUSl2TrxLH3juAUaBzozIT4sKidqH__NJ_85IqlfPFQvR_KN5-Si-kvYkn56oJR3N6uC5fA45xHe_H4XBRIDEeomuiRVyJAYQSRkIRj0H8Gc9Q24cyoCBH8iRNhA&refId=x7Z%2BKIbGRQvDTXIJF8eavw%3D%3D&trackingId=oJj13Ul6MOFPt8A%2F40YbLA%3D%3D&trk=flagship3_search_srp_jobs,2025-02-11T04:51:21.094961
Python Developer Internship (Required-01),CloudGemini Solutions,"Pune, Maharashtra, India (Remote)",/jobs/view/4144511289/?eBP=CwEAAAGU8iqvUP7fcUU_YM0PRAcmbRyyX64VGLyD2SS2KwIMZQ88m5wrC-rEVlKffjUl4xEmx6UQ_oScesa9HRE95eMHxSqQ_SH7piXm3kHn5BYvAQtKBrljHLXzwmqd7m7orcBgGLFp21kP_x17vKXGLTeXqdyJJ4Al6PBlQcwcHYqEFvccSGCKwWoHeKNRkJolglsam31UPKFQxm6gYDmeSNc5J-UCyBt0c2IfNhLGTMkmS36SvTuUYmVV4QS6V-edLdolp_q5YFO6pkQUGAeovuVd2mXloIkJMkwNSxK22AdmT02dUxlDkDFrtb3aknLJ6C3eZ4ElJ-mZYJpCJo62MU8aNTmhpg56GuY1vZ_qm7xAJIoeJHrqCrs2ZQlRPLfbpm532clqH_6hLtarUHKbFL2etY6u4zWyjnb9AQXOPKqJMnzuhHvV_lX-9-WPWppjMwKua4rfeLGdJlI8gtQlE0XSdFrlV4w-ELN3N379DpuUdS1SadqV5m2afisUj-2PBh6a7Ks&refId=x7Z%2BKIbGRQvDTXIJF8eavw%3D%3D&trackingId=CEvks7yBFmtf5VjNljFmxQ%3D%3D&trk=flagship3_search_srp_jobs,2025-02-11T04:51:21.130925
Hiring Python Developer Internship,Accobridge Solutions,"Bengaluru, Karnataka, India (Remote)",/jobs/view/4148583866/?eBP=BUDGET_EXHAUSTED_JOB&refId=x7Z%2BKIbGRQvDTXIJF8eavw%3D%3D&trackingId=IqfeJ3RdHVc5xBzTlyuREg%3D%3D&trk=flagship3_search_srp_jobs,2025-02-11T04:51:21.173659
Python Developer Internship (Remote),InnovatexIQ Solutions,Greater Kolkata Area (Remote),/jobs/view/4148626045/?eBP=BUDGET_EXHAUSTED_JOB&refId=x7Z%2BKIbGRQvDTXIJF8eavw%3D%3D&trackingId=nrI357OQNdfIzr9eIAPPtw%3D%3D&trk=flagship3_search_srp_jobs,2025-02-11T04:51:21.216751
Python Developer Internship (Django or Flask),Accobridge Solutions,India (Remote),/jobs/view/4148801287/?eBP=CwEAAAGU8iqvUMU-G3xGo6curhZaGT2a14ifI-eZfzMVZzZ-LNbjCAMfl_hO_2WQGiTpdSkGUDITYqtgVpkNn3q5H9PLTgyVgCLMU1B20q64X7FcYjdS1n2df1Ne4LB4DuPEKTwww0rzcgyu8cwelC5T9JO4q5uNolQULzKaCSg-9SgkGjbUnonHWQKQy1aJbNDsjEpyawArHeX78J4Yqk3qi38Tph-_R9Co5deYSXbCcwKHiWT_71lOKMGkMhLUckNngamWAcRHlNCGmMYoymygVQ-K50bdgW1hyF9hJ6REP8HDwtHFjVpW1t9IrpBVgnHtN2P7RSw3KK9g4XHi0a3-PBnxIzYJa3Mh7en8GgwBT8dD7me2_K8de8L62evODUZxEI0XceT-yqtv4xWR1jRbhg750LMdS1tyn57JUociYxBRIOrq0t0em8wkIkV56fvVPvdX_iOUNo5tbEkLSA&refId=x7Z%2BKIbGRQvDTXIJF8eavw%3D%3D&trackingId=7c3a4qHp%2FyDUJd%2FE3cF3dw%3D%3D&trk=flagship3_search_srp_jobs,2025-02-11T04:51:21.258839
Python Developer Internship (Django or Flask),Accobridge Solutions,"Delhi, India (Remote)",/jobs/view/4148590913/?eBP=CwEAAAGU8iqvUOStqQ5bs2Pm53fa5vf4RaMusfAWzfVueaGfvoQlpw7RngGcRodBB7tN0_9TubNiMD6A989h8CmV-dVvsqELh4HuQiQcaDK_LAjpd6hJHW_UOpRIZFhlFK8rn9JWs7BBFu7QkQGTqvjuep3mHORfEjAYvZuqD5V1CPeJrdvPJYoL5MAw1QpMPG3bIPlFWALIcpChevCcxMrLWbys5oDEVZdUl9Qe0_8AI5lh-mgVeJoO_8iy0uVARCLaPXyseI9Gv6e7BuNyrxXcUd_BCzYsKKfanYTBVE_zSH4IOExfhUwbMHDQiPDK-cz-PYT-ngHfwIVashr_qHTdeSbdRJWEQce43Tjlcq4-CbDC7gf64sTsbSlpJ5_9WeAS9SOanfTd6ABH4uuRsxAB6IDl8Cyb0rk8dLcnKiON0ZpAft46Tdn5LT8uhRTpdnAjRf8hXuO6JVST5Glabw&refId=x7Z%2BKIbGRQvDTXIJF8eavw%3D%3D&trackingId=gzj50NWGEiohSGrxLpryqw%3D%3D&trk=flagship3_search_srp_jobs,2025-02-11T04:51:21.302960
Python Developer Internship (Django or Flask),Accobridge Solutions,"Pune, Maharashtra, India (Remote)",/jobs/view/4148801173/?eBP=CwEAAAGU8iqvUFlMl67JYMOc7XTASWSdwhebqMLB49pZBo0shvDVUbHg0ssi9VzByT_fogMV_T6rGxT4cMSRxkQ0UUAMFXnB4dUnV2C9EVBNku26yepGliK8365TA-wUHWDulRrCmGS2R4URNt-SvB0A5ipX2AKzzboXdwckrbjjdW5bv0slynnQQto7unZJpKc_wyvQoQ3ZUFSc0ODqJxFGf0669zj5lZUEADxObr2I96BkiqKXQtJ7wVsWoUyWARz11GfxVVtYW-76l_QCvKPJvKryD4mMb3lSHFNb9zUj-9N_6b1GMW4l4Q5sOxZKoWcVJXco6w6TR3aolyHgjIbImFqHtmUWSrS_BV05VLRLzNnoq_8dNDomJUvN_akQdKujgcNeYozgTcUf-hARFhpJ7933GSewGahFF1skcplxmHJGLqyilMX-J9UixKHNW0Iuo6OhnCJ6i9TFFLiChx6r&refId=x7Z%2BKIbGRQvDTXIJF8eavw%3D%3D&trackingId=WBKVKteG5pVrknnW8BkVYQ%3D%3D&trk=flagship3_search_srp_jobs,2025-02-11T04:51:21.338193
Python Developer Intern,Internkaksha IT Solutions,India (Remote),/jobs/view/4148651201/?eBP=CwEAAAGU8iqvUE6AQI7dvcgZn4BQE0no7YDUMapOujfVZKjYgOok74TFJvC8Z35dtTgQqZBWgLB5y2TqHTPUNL6vcdPMjgn9yvZBy36O6xVnxSM8IO3lFdeD0LSxyATm7YWCdOgNe4ReUjf24Svrbz-8KS9X0Z_lqJWdgnTSAKPT2f-1gSHNelJl1S3zMrEeomVd2Pj4P4oEUXIgrEZccOItoaaYnL0ltFarDOavhuptY7gBsEvtDAdM1f3jMqEDKxQ38qzw5pvFjvjBzTF36FhGwfswnr7gv_9F6XUvyQFNIRBRVZzg8Hqynb_qPqjZtA11UWKcyQ77Ks48hXWNChl55ZC10XtF3QwMwF1y1-fmaToHYwJNBb_M8GRTDS5-F5i1MKfpx42zTUTkezHk62Cta14r1hnEp7AGLTMCxG2xf4Q9EX9B_DF_q6f_Re8kTk60zktPA7gjKrVTKZ5Ez4M5zScbF07pqYS-gb6iGnZ6DLidqh1yVL0WKP5mibQ9axL7jSZlSHbHm768u3ioHAux0w1R&refId=x7Z%2BKIbGRQvDTXIJF8eavw%3D%3D&trackingId=pTKeqsgYSiQfPiu03JmgDQ%3D%3D&trk=flagship3_search_srp_jobs,2025-02-11T04:51:21.385459
Python Developer (Programming Internship),Gigafactor Solutions,"Chennai, Tamil Nadu, India (Remote)",/jobs/view/4148595354/?eBP=BUDGET_EXHAUSTED_JOB&refId=x7Z%2BKIbGRQvDTXIJF8eavw%3D%3D&trackingId=sF5jpJsA%2FO5Sc%2BuiygK0gg%3D%3D&trk=flagship3_search_srp_jobs,2025-02-11T04:51:21.429553
Python Developer (Programming Internship),Gigafactor Solutions,"Delhi, India (Remote)",/jobs/view/4148594002/?eBP=BUDGET_EXHAUSTED_JOB&refId=x7Z%2BKIbGRQvDTXIJF8eavw%3D%3D&trackingId=hvSd%2FHQKZxQh9BuKV1gBnw%3D%3D&trk=flagship3_search_srp_jobs,2025-02-11T04:51:21.471543
Web Developer Intern,Unified Mentor,India (Remote),/jobs/view/4149177074/?eBP=CwEAAAGU8iqvUD2DXTGW3NXpDuqJQ5abfNZTvww0V2ho6S9pmQIbbTS4E2ygrFf0Cw32aUONhZmRQB5dP86QDqxCW_eV1PNcYiZO678kSvhxZAORwDnZgd1cF28EgrmjhXpXWsCwEc5GQZh_VVdiArCRZf4-O4W9Iu_PNq7xa0Jx_8yBlf7yEU6MrOr3V19lalvildmUCcIo1Iauca4KK04JokcUotfI_0XLyeBgJSymM1_Z6DDSxoCnL16jN7v9cFHb6u-KcD5fd1i0whL5ydeHEK71F2sPQYhboyzY2jrturUa_obLEB55E_INpPWqXY_A8W1OYYuYxLElSqpiNFP33LpyVoBCxCCgUw1Bfz81AKlyIi49Fdo_k8wY1FymcJX9_LLx2FlnHzxNkMLVUwDdZezIDt-XEzAQs5BDaOqhQrYJ0TjoMuZz3dCWIg3EipsPsroyu83S-UUEMYcE2A1hCMFoZIsIfND_BfKGrO32hO2-skJesAKyaWAX5vJlxBKtADLfcT_5CFib-NIKed8M-zjL&refId=x7Z%2BKIbGRQvDTXIJF8eavw%3D%3D&trackingId=LUD%2BeFpFeU9MltOFbo%2FQ%2FA%3D%3D&trk=flagship3_search_srp_jobs,2025-02-11T04:51:21.510735
Python Developer (Programming Internship),Gigafactor Solutions,"Hyderabad, Telangana, India (Remote)",/jobs/view/4148588356/?eBP=CwEAAAGU8iqvULG3BENgTO9FGhHuVS8WejOpBfARef99qI0ePEhLknuPe8Lrt8fAS6mUgRueg3wVQnqjQAW5_7mHJ8_9zcjSaAccpk5mtfteag3VAXEcZixPrBdUTShbgsoCxjGE7CNFflnyv4fEMqcJ-t8sZtakyYVawMJ-43nqB1oxlfy0lIPP2Lbe7e35a6mTJJStMvdAqoXPLsaojuQv7i5bd_3bMpC3lHE-Eg56L0I2OoYeS_nH83PR3Smtid9chvzLui0G7omzbWzIL3d8LdWjnLlFGA2QWSWLZkExVFLR5QBrbRMo3BpOWFeUsUtUH1dvozMPyd4lmvHbmt_I3nQvvHNkEKvMkoiuH0YCwKosQtUN4jWRx-3DnrJ_IReZSPYj2afPnz1CQXaeTV7Zdju64rZYvi_SzdZpG6PlgqQc-rlY9RMBP48e6qpkwqhvhQrHbEaJuzc1dlHj5A&refId=x7Z%2BKIbGRQvDTXIJF8eavw%3D%3D&trackingId=vG1xM7wtjhdrWhr9wooZZQ%3D%3D&trk=flagship3_search_srp_jobs,2025-02-11T04:51:21.554420
Urgent Hiring â€“ Python Developer Internship in Hyderabad,CYPWNG Software Technologies,"Hyderabad, Telangana, India (On-site)",/jobs/view/4146197490/?eBP=BUDGET_EXHAUSTED_JOB&refId=x7Z%2BKIbGRQvDTXIJF8eavw%3D%3D&trackingId=yRgHzR%2BmhXzT77R9XmiJgw%3D%3D&trk=flagship3_search_srp_jobs,2025-02-11T04:51:21.595711
Full Stack Web Developer Intern,Unified Mentor,India (Remote),/jobs/view/4149171457/?eBP=BUDGET_EXHAUSTED_JOB&refId=x7Z%2BKIbGRQvDTXIJF8eavw%3D%3D&trackingId=shhrJLyCryimO7Eo%2FV1K5g%3D%3D&trk=flagship3_search_srp_jobs,2025-02-11T04:51:21.635839
Job Opening For Python Developer ;Any degree ;2022-2023 batch only / Trained python developer prefer ( Job Code RT - 1079 ),Radical Technologies India,"Kerala, India (On-site)",/jobs/view/4146365143/?eBP=BUDGET_EXHAUSTED_JOB&refId=x7Z%2BKIbGRQvDTXIJF8eavw%3D%3D&trackingId=F1CIINkXBzaPbxpZsBv9Bw%3D%3D&trk=flagship3_search_srp_jobs,2025-02-11T04:51:21.674011
Web Developer (AI Trainer),Soul AI,"Pune, Maharashtra, India (Remote)",/jobs/view/4148270857/?eBP=BUDGET_EXHAUSTED_JOB&refId=x7Z%2BKIbGRQvDTXIJF8eavw%3D%3D&trackingId=SPBfvYLfGMBp0jPweDl%2Ffg%3D%3D&trk=flagship3_search_srp_jobs,2025-02-11T04:51:21.710745
Web Developer (AI Trainer),Soul AI,"Mumbai, Maharashtra, India (Remote)",/jobs/view/4148271931/?eBP=BUDGET_EXHAUSTED_JOB&refId=x7Z%2BKIbGRQvDTXIJF8eavw%3D%3D&trackingId=t89rvrt7DURXWhBDZUjL1Q%3D%3D&trk=flagship3_search_srp_jobs,2025-02-11T04:51:21.749806
Web Developer (AI Trainer),Soul AI,"Delhi, India (Remote)",/jobs/view/4148271956/?eBP=CwEAAAGU8iqvUH882_07ObX4JmDhTHED9q2jaRxDmGiP0KblZFWmGcv2Azn3lFiDojJYgA6e3ju3GMQ1EShyU4Yp7oqYJkWqmm6ErW6Tx3iOq0mq_9xPpsxeUz9Dhweq_nHty5Drt0CZPIsi3qh_hdL3hqoZIa9ZtAca_gXvnm8-6UQpB_NgD931HvoLxaMcnYygFit6ULwtcODVMix-Bm0TKUqYIkVq6md81pkW8uKeGPw5zG994Z2WerKEgj6UaHT1o6oLvg-wuw7LxRFznfW_g_KKOou3Xv8u7SxY_9OUfTwE7HaYlR0USpiSbbaUATGqWeMMxoeqc9y3e1c9LXue2wSA2tYdbcimxOhbThlsjeiL59IWyOQNbPiqo3dCh6lChZtr4Iz0QGXm67HIL2VI8iSKa0OcRfgZyPepfe1XQlSwhLubWBhpN7VPtl1WW08QSOJ5I1r95uy9wtLThmyJpBVo8juv8l5YqkAuypB-kG4a0kTwawJhVAsv_yfpqUxwSV1jFUelvkM-nw0TGP1rfuMfxoI&refId=x7Z%2BKIbGRQvDTXIJF8eavw%3D%3D&trackingId=Ons%2BTP%2BroxwSW1YMkbKe1w%3D%3D&trk=flagship3_search_srp_jobs,2025-02-11T04:51:21.785721
"Job Opening for Trainee SW Engineer; B.E / MCA: Fresher's: Skill Sets Required Python, Django , React , Manual Testing; (Job Code- RT 752)",Radical Technologies India,"Pune, Maharashtra, India (Hybrid)",/jobs/view/4146363807/?eBP=CwEAAAGU8iqvUEn7v7qC7zdOBC80ixzg4e4kkCbGX5xhaEo3W5EE1zPHTIPhZWnYQ1zid9ooHC2304YO5YMLyvF9Huoej_0faMIpOAeeofEeq2CL7xvFp61cetw8OBWfWXnvuK-GniKK6fxVDQRPcI8VhtMPRl_XM5exlMOs8FSFFpDFs0PHr18k4Thb6nrYjgskqkNy3p5HZ9JgTekikgY6tHAym1AwrPSVb43ScMSumQQR0tKUpqzYuMlP58OneXl_uD-Qm3__xf_USawptFeVuKlplhXLPlCVpGMn9_kuoGBV0YK9tLl2C966xg4HTn71E2V0qAJTyCrCXzXtAyS5IK90gieScvjwZqXKsFj2KekL44quHDBk9Erbom9EqL3kLfLWWPx4rr8OjCOA7cR8zrBxSoWOaISK41O6Ujm1Kt_P8LsmsPvKDMUzwYtFgTKHz0zf72d4WxdW0qnmlsSnbC1Me7IC2bhp98ZR-p-KWgVJdMXIGSZNZgJ965CV64N8nU1cWNI&refId=x7Z%2BKIbGRQvDTXIJF8eavw%3D%3D&trackingId=RJozwvgSOvpnKPdZtxU27Q%3D%3D&trk=flagship3_search_srp_jobs,2025-02-11T04:51:21.821998
Web Developer (AI Trainer),Soul AI,"Chennai, Tamil Nadu, India (Remote)",/jobs/view/4148273658/?eBP=CwEAAAGU8iqvUE8FWfQJLMcvIIkVwpER_6SnPU1bnhvQPSaPEAYljqHrrDl_aVvTdFBz86JA17mV0GgeKzpqDU-gab01VMd999H9YKIcl-UBNwJw2_6UPH-RZvDROyvaWCevbdQcYxhW5c2ktv5JZ8wxlMnX33ZYxWIZAToQCcNOmUQ9P0MGiIoVVfbojYPhHX0aif7F2_1fxTaiAFpo568EiKVwcDOUV8d0P3ISFn92Mgz5ThSWy08HrhBKA8RdD_GWKZZ8yLA8T0D_3Lw8vPg3bE_CQfU3tlEaxo_Cgh0uqhEEglDt-MMrt0Jzpaq25BGy-DkV6cLTwez03Z5OoUbOOULAxX8xfdQs7RmYJZsN4BYSCl3WIBhZyxFAIE043sZ6iw3G_MmvreOsukLErpB1PV_V2ojYM0cMdebMQXwllsv7_k26Dz8FQ8MbavdtR4w8yW5YujdUemIPNosEagcfLThbxb8DXt7UNSnef0Qr6Rg-CeYFbuZpDKtFVY0hYnBaYqikyUQhHvqIuy0qOH3mxmfA-cY&refId=x7Z%2BKIbGRQvDTXIJF8eavw%3D%3D&trackingId=xtCX4G8TzNIuqg2Xovx7Vg%3D%3D&trk=flagship3_search_srp_jobs,2025-02-11T04:51:21.855103
Java Python Developer,Applicantz,"Pune, Maharashtra, India (Hybrid)",/jobs/view/4148256186/?eBP=CwEAAAGU8iqvUOfgNvfh_KB7PHXBi-8snMQDThu53CrOB6fek558NGN2BBPg0QS5QM20z5W_vVkDXmoO84gVM0Vdt9TrdgBzZORoGKJTXclxCQ1n7Tqa4TUW_84D-fjr2N4dwGtZgCYlocSYf2uf2eHmSxRp7ruasg8rD6O42KMk5bYiKegHdJy1CtCPQKHUZztI0ECAdOurQLwfAUtyCtNZokcTkTeKpT1ya_W4GPEwGOs0PG3sCT2c5zeOqWrRVezjzEgLoxj9Bksbhr3t9Tx9ycsXsIdSYoeGNfDq7nvsqJwrndCZjZxPiHi91IZF-5-R1BlAHjA-rpDbKkZCL_ffTVy9PYkajkoGMR-jp5fYh9MQkGl860G2Cd-UTt8nKTXGbGWX7PvoCi3ddK7gqvU9ESeUZAGPJNb1rTjdsCexLz8njPY-9TBTsRz-MZI1UQtqRLoHqSidJHnKY2vBjuSn2VgaYkQFsepImVZI8raoh9DrJeElQBsgjzQk-lajshtV7gSXYMOCQzd37GJcK4c44D508iGTaZOl&refId=x7Z%2BKIbGRQvDTXIJF8eavw%3D%3D&trackingId=Dk6jy7aNJQe1Xli21Xcekw%3D%3D&trk=flagship3_search_srp_jobs,2025-02-11T04:51:21.888122
"Urgent Hiring - Python Developer Internship in Hyderabad, Mumbai, Bangalore",CYPWNG Software Technologies,"Hyderabad, Telangana, India (On-site)",/jobs/view/4146197504/?eBP=BUDGET_EXHAUSTED_JOB&refId=x7Z%2BKIbGRQvDTXIJF8eavw%3D%3D&trackingId=Or8pJ6R2ifChdKXWmBl6Ew%3D%3D&trk=flagship3_search_srp_jobs,2025-02-11T04:51:21.933927
"Urgent Hiring - Python Developer Internship in Hyderabad, Mumbai, Bangalore",CYPWNG Software Technologies,"Bengaluru, Karnataka, India (On-site)",/jobs/view/4146197500/?eBP=BUDGET_EXHAUSTED_JOB&refId=x7Z%2BKIbGRQvDTXIJF8eavw%3D%3D&trackingId=EhwW5wMp%2FlcUVXAziyFfIg%3D%3D&trk=flagship3_search_srp_jobs,2025-02-11T04:51:21.969993
